1,隔尚租車,台北建北站,台灣,台北市,中山區,建國北路一段71-1號,02-25021389,8:30,20:30,1-201.jpg,121.537212,25.051116
1,隔尚租車,台北忠孝站,台灣,台北市,信義區,忠孝東路五段705號1樓,02-8785662,8:30,20:30,1-202.jpg,121.580242,25.042552
1,隔尚租車,台北景美站,台灣,台北市,文山區,羅斯福路五段221號1樓,02-89310266,8:30,20:30,1-203.jpg,121.539215,25.001994
1,隔尚租車,台北士林站,台灣,台北市,士林區,德行西路81號,02-2835110,8:30,20:30,1-204.jpg,121.521746,25.104630
1,隔尚租車,台北內湖站,台灣,台北市,內湖區,內湖路1段236號,02-25021389,8:30,20:30,1-205.jpg,121.559064,25.085367
1,隔尚租車,台北南港站,台灣,台北市,南港區,經貿一路59號,02-26511333,8:30,20:30,1-206.jpg,121.620053,25.056254
1,隔尚租車,台北車站,台灣,台北市,中正區,忠孝西路一段47號B1樓,02-25159393,8:30,21:30,1-210.jpg,121.517414,25.046533
1,隔尚租車,台北松山機場站,台灣,台北市,松山區,敦化北路340之9號,02-27151133,8:30,19:00,1-219.jpg,121.549778,25.063869
1,隔尚租車,台北新店站,台灣,新北市,新店區,中興路三段11號B1,02-29153311,8:30,20:30,1-208.jpg,121.545138,24.978089
1,隔尚租車,台北蘆洲站,台灣,新北市,蘆洲區,三民路88號,02-22852299,8:30,20:30,1-216.jpg,121.473882,25.085351
1,隔尚租車,台北土城站,台灣,新北市,土城區,中央路三段158號,02-22693131,8:30,20:30,1-217.jpg,121.432132, 24.965811
1,隔尚租車,台北中和站,台灣,新北市,中和區,連城路126號,02-22423232,8:30,20:30,1-218.jpg,121.495982,24.999459
1,隔尚租車,台北淡水站,台灣,新北市,淡水區,中正路1號,02-26299393,8:30,20:30,1-222.jpg,121.432696,25.174829
1,隔尚租車,台北板橋車站,台灣,新北市,板橋區,縣民大道二段7號1樓,02-29658080,8:30,22:0,1-224.jpg,121.463512,25.014534
1,隔尚租車,宜蘭羅東站,台灣,宜蘭縣,羅東鎮,光榮路334號,03-9602116,8:30,20:30,1-231.jpg,121.777970,24.678532
2,隔尚租車,桃園復興站,台灣,桃園市,桃園區,復興路325號,03-3319555,8:30,20:30,1-301.jpg,121.304653,24.989491 
2,隔尚租車,桃園高鐵站,台灣,桃園市,中壢區,青埔里高鐵北路一段6號,03-2611881,7:00,22:00,1-302.jpg,121.215952,25.014084
2,隔尚租車,桃園中壢站,台灣,桃園市,中壢區,中華路二段128號,03-4629911,8:30,20:30,1-303.jpg,121.240602,24.965952
2,隔尚租車,桃園大園站,台灣,桃園市,大園區,三民路二段50之2號,03-3830123,8:30,19:30,1-305.jpg,121.253123,25.088127
2,隔尚租車,桃園機場站,台灣,桃園市,大園區,航站南路15號,03-3931133,8:30,19:30,1-306.jpg,121.237053,25.081168
2,隔尚租車,苗栗高鐵站,台灣,苗栗縣,後龍鎮,高鐵三路268號,03-7248168,8:00,20:00,1-307.jpg,120.825767,24.605421
2,隔尚租車,新竹中華站,台灣,新竹市,東區,中華路一段315號,03-5153528,8:30,20:30,1-311.jpg,120.983957,24.809551